mfn;clasificacion;nombre;autor;fechaPublicacion;idEditorial;numeroEdicion
4123;COL.NB&003.2&S612;EESA Symposium on Earthquake Prediction;;1966;;
4124;COL.NB&004.21&G825c;Computers and Information Systems;Gremillian, Lee;1988;McGraw-Hill Company;
4125;COL.NB&158.1&A837g;An Informational Guide For Physical Maintenance;American Association of State Highway Officials;1971;;
4126;COL.NB&177.3&G226f;Fads and Fallacies in the Name of Science.;Gardner, Martín;1957;Dover Publications.;
4127;COL.NB&307.12&V447p;Planning for the Small American City;Van Nest, Russell;1944;Public Administration Service;
4128;COL.NB&310&C388m;Métodos estadísticos: aplicados a la economía y los negocios;Cecil Mells, Frederick;1950;Aguilar;3. ed.
4128;COL.NB&310&C388m;Métodos estadísticos: aplicados a la economía y los negocios;Cecil Mells, Frederick;1950;Aguilar;3. ed.
4130;COL.NB&331&G942;Architects Constractors Engineers;;1974;;
4131;COL.NB&331.117&J62t;Travaux Maritimes;Joly de, G.;1951;DUNOD;
4132;COL.NB&331.79&G946;Guides for Supervisors;;1969;;
4133;COL.NB&333.08&A278;Topographic Survery;Departament of the Army;1951;;
4134;COL.NB&333.91&O68s;Seminario sobre tarifas de agua;Organización Panamericana de la Salud;1961;;
4135;COL.NB&333.71&M732;Nomenclatura Geotécnica e Clasifica Delle Tere;Asociación Geotécnica Italiana;1961;;
4136;COL.NB&333.912 2&S25l;Impianti Domestici Di Acque Potabili;Sartorio, Serafino;1940;Editore Torino;
4137;COL.NB&338&R249e;Economía de las Empresas Industriales;Rautenstrauch, Walter;1953;Fondo de Cultura Económica;
4138;COL.NB&338.45&V598a;Le Analisi Dei Prezzi;Viappiani, Antonio;1930;S.L. Lattes & C. Editore;
4139;COL.NB&338.476 24&L839a;Network Analysis;Lomax, Peter A.;1969;;
4140;COL.NB&338.51&C837;El costo de construcción y mantenimiento de los pavimentos flexibles y de concreto sobre un período de 50 Años.;;S/F;;
4140;COL.NB&338.51&C837;El costo de construcción y mantenimiento de los pavimentos flexibles y de concreto sobre un período de 50 Años.;;S/F;;
4141;COL.NB&338.52&R598e;El Precio de Coste en la Construcción.;Ritter, H.;1947;Labor, S. A.;
4142;COL.NB&338.887 1&M967i;Investigación, Organización y Plantilla de Precios Descompuestos;Muñóz Mezquita, Salvador;1952;Artes Gráficas;
4143;COL.NB&343.094 6&M294;Manual Uniform Traffic Control Devices for Streets and Highways.;;1961;;
4143;COL.NB&343.094 6&M294;Manual Uniform Traffic Control Devices for Streets and Highways.;;1961;;
4144;COL.NB&343.094 6&S474;II Codice Della Strada;;1959;Edicione V.B.E.;
4145;COL.NB&343.098 2&A832;Traffic Assignment August 1973;;1973;;
4147;COL.NB&551.22&A532;Analysis Seismic Risk;Oliviera, Carlos S.;1974;National Technical Information Servece;
4148;COL.NB&693.5&S349u;Ultimate Strength Design Simplified an Equivalent Stress Method;Schmidt, William;1972;Addison Street;
4150;COL.NB&338.6&B562;Organización y dirección industrial;Bethel, Lawrence L.;1952;Fondo de Cultura Económica;
4151;COL.NB&338.9&U81a;Algunos Aspectos de la Participación de los Bancos Nacionales en el Desarrollo Económico de México;Urrutia Valdivieso, Carlos Jeremías;1964;Escuela Nacional de Economía;
4154;COL.NB&551.22&E27;The Alaska Earthquake March 27, 1964 Effects on Communities;;1967;;
4155;COL.NB&551.22&E27;Effects on Communities the Alaska Earthquake;Lemke, Richard W.;1967;Departament of the Interior;
4156;COL.NB&663.93&N863p;Procedimiento Mecánico par sacar la Pulpa del Café Lavado;Nortarbartolo, Leopoldo;1938;;
4157;COL.NB&624.176 2&I43;Informe del Seminario Relativo al Reforzamiento de Edificios Dañados por el Terremoto en San Salvador, Centroamérica. Efectuado en Liverpool, Inglaterra de 1965.;Moran, T. Writtley;1965;;
4158;COL.NB&625.7&G342;Geometric Design Guide for Local Roads and Streets;;1971;American Association;
4160;COL.NB&628.1&R618n;Normas de Diseño para Abastecimientos de Agua en Nucleos Urbanos;Rivas Mijares, Gustavo;1962;;
4161;COL.NB&620.136&C744;Concrete Quality;;1973;;
4162;COL.NB&551.22&R333;Reglamento de Diseño Sismico;;1966;;
4163;COL.NB&620.191&G943;Guide for Structural Lightweight Aggregate Concrete;;1967;American Concrete;
4164;COL.NB&720.954&N396i;India;Nehru, Jawaharlal;1955;;
4198;COL.NB&351.825 6&S785;Standard Specifications for Public Works Construction;;1967;;
4199;COL.NB&352.92&U58;Uniform Building Code;;1955;;
4200;COL.NB&363.233&R333;Reglamento de las Construcciones de Concreto Reforzado (ACI 318-71) y Comentarios;;1973;Instituto Mexicano del Cemento;
4201;COL.NB&363.61&M828s;Sistemas de Abastecimiento de Agua Aplicado al Mejoramiento de Servicios de Agua del Puerto de La Libertad;Morales, Luis Adolfo;1955;;
4202;COL.NB&363.61&A479a;Algunas Consideraciones sobre el Servicio de Aguas de San Salvador;Amaya, Efrain;1955;;
4242;COL.NB&620&E57;Engineering for Architecture;;;;
4244;COL.NB&553.95&C643;Cómo la Cloración Proteje a su Agua Potable;;1947;Wallace & Tiernan Company;
4245;COL.NB&620&L847p;Professional Engineer's Examination Questions and Answers;Londe, William S.;1960;McGraw-Hill;
4246;COL.NB&620&S726m;Relaxation Methods in Engineering Science;Southwell, R.V.;1951;Oxford University Press;
4247;COL.NB&620.003&D545;Pequeño Diccionario Técnico de Ingeniería Inglés-Español;;1930;;
4248;COL.NB&620.004 4&I59;Welding Inspection;;1968;American Welding Society;
4249;COL.NB&620.009&S544e;Engineering in History;Sheldon Kirby, Richard;1956;McGraw-Hill;
4250;COL.NB&620. 1&K37m;Kent's Mechanical Engineers Handbook;Kent, William;1949;;
4252;COL.NB&620.103&F277c;Cours de Mecanique;Favre, Henry;1946;Dunod;
4253;COL.NB&620.103&S165e;Estática aplicada al cálculo de estructuras y el hormigón armado;Saliger, Rudolf;1950;Labor;
4254;COL.NB&620.105&C842c;Cours Practique de Mécanique des Sols;Costet, J.;1969;Dunod;
4255;COL.NB&620.105&F646e;Statique et Dynamique Des Coques;Flugge, Wilhelm;1960;Eyrolles;
4256;COL.NB&620.105&L522e;Exemples de Calculs Pour Les Projects de Foundations;Lehr, Hugo;1960;Eyrolles;
4257;COL.NB&620.105 3&P426s;Introduction Au Calcul des Systemes Hyperstatiques;Pernot, P.;1956;Gauthier-Villars;
4258;COL.NB&620.105&S735s;Soil Engineering;Spangler, M. G.;1966;Internal Textbook Company;
4259;COL.NB&620.106&B389h;Hidromecánica;Becerril, Enrique;1960;Dossat;
4261;COL.NB&620.107 3&D431e;Elements of Engineering Statics;Deresiewicz, H.;1958;Columbia University press;
4262;COL.NB&620.107 3&Ch474P;Energy Principles in Applied Statics;Charlton, T. M.;1959;;
4263;COLNB&620.11&T776s;Statics and stregth of  materials;Trathen, Roland H.;1961;;
4264;COL.NB&620.105 3&Z11m;Laa méthode de Hardy Cross et Ses Sinplifications;Zaytzeff, S.;1951;;
4265;COL.NB&602.112&Ch452f;Failure and Repair of Concrete Structure;Champión, S.;1961;;
4268;COL.NB&387.72&M526r;Entretien Des Routes en Terre en Zone Tropicale;Millier, Gerard;1964;Editions Eyrolles;
4269;COL.NB&387.736&P673;Roads and Airfields I Programed Instruction;S/A;1974;Correspondence Cource Program;
4270;COL.NB&388.041&M464;Maximun Desirable Dimensions and Weights of Vehicles Operated on the Federal-Aid Systems;U.S. Departament of Commerce;1964;s.n;
4272;COL.NB&388.132&E77;Standard Specifications for Highway Bridges;S/A;1961;Published the Association;
4273;COL.NB&388.13&P766;A Policy on Geometric Design of Rural Highways;Shadburn, M. L.;1966;Published by the Association;
4274;COL.NB&388.322 1&P972r;Courd de Routes & Pisted Danles Pay Neufs;Prunet, J.;1948;Edition Eyrolles;
4278;COL.NB&510&S182s;Mathematical solution of engineering problems;Salvadori G. Mario;1953;Columbia University Press;
4279;COL.NB&512.25&A425m;Relaxation Methods;Allen, G.;1954;McGraw-Hill;
4280;COL.NB&512.25&S313m;An Introduction to Relaxation Methods;Shaw, F.S.;1953;Dover publications;
4282;COL.NB&515&C891e;Engineering Analysis a Survey of Numerical Procedures;Grandell H., Stephen;1956;McGraw-Hill;
4283;COL.NB&515&M732;La pratique du calcul des systémes continus;Mombach, Marcel;1957;Editions Desoer;
4284;COL.NB&515.252&C853;Resolution Numérique Des Systémes D'Equations Linéaires;Couffignal, Louis;1956;Editions Eyrolles;
4285;COL.NB&515.252&L473e;Linear Equations;Cohn, P. M.;1958;Routledge and Kegan Paul;
4286;COL.NB&516.24&S785;Standard Field Tables and Trigonometric Formulas;S/A;1956;s.n;
4287;COL.NB&516.15&S775f;Fondamenti Della Teoria Dell Ellisse Di Elasticita;Stabilini, Luigi;1945;Nicola Zanichelli Editore;
4288;COL.NB&520&Ch466e;The elements of astronomy for surveyors;Chapman, R.W.;1953;Charles Griffin;
4289;COL.NB&520&H826m;Manual of geodetic astronomy determination of longitude, latitude, and azimuth;Hoskinson, Albert J.;1952;Goverment Printing Office;
4290;COL.NB&523.7&C764;Solar Control & Shading Devices;Olgyay, Victor;1957;Princiton University;
4291;COL.NB&523.88&H623n;Star Names Their and Meaning;Hinckley Allen, Richard;1965;Dover Publication;
4292;COL.NB&526.7&As741;Special Surveys;Departament of the Arme;1953;s.n;
4293;COL.NB&530&W829p;Problemas de Mecánica General y Aplicada;Wittenbauer, F.;1946;Labor S.A. de C.V.;
4293;COL.NB&530&W829p;Problemas de Mecánica General y Aplicada;Wittenbauer, F.;1946;Labor S.A. de C.V.;
4293;COL.NB&530&W829p;Problemas de Mecánica General y Aplicada;Wittenbauer, F.;1946;Labor S.A. de C.V.;
4294;COL.NB&530.81&H939a;Dimensional analysis;Huntley, H.E.;1951;Macdonald & Co.;
4296;COL.NB&532.002 12&A225t;Tratado de hidráulica aplicada;Mantero, José María;1959;Gustavo Gili;
4297;COL.NB&532.002 12&H993;Hidraulic Tables;;1944;;
4298;COL.NB&536.502 87&S524;An Application of Thermometry to the Study of Ground Water;Shneider, Robert;1962;s.n;
4299;COL.NB&550&C994s;Soil Construction;Cytryn S.;1957;s.n;
4300;COL.NB&551&M613t;Texto de Geologia General;Meyer, Helmut;1953;s.n;
4301;COL.NB&550&D419s;Soil Survey Procedure;Soil Survey Procedure;1954;s.n;
4302;COL.NB&550&D461;Landslides of Rio de Janeiro and the Serra Das Araras Escarpment, Brazil;Jones, Fred O.;1973;s.n;
4304;COL.NB&551&P397a;Appunti Delle Lezioni di Geologia Tecnica;Penta, Francesco;1951;s.n;
4305;COL.NB&551.22&A196b;Bulletin of the Seismological Society of America;Housner, George W.;1963;Editorial Committee;
4306;COL.NB&551.22&C855e;Effects of the Earthquake of March 27, 1964 At Valdez, Alaska;Coulter, Henry W.;1964;Geological Survey Prossional;
4307;COL.NB&551.22&C748;Proceedings of the World Conference on Earthquake Engineering;Departament of Engineering;1956;s.n;
4308;COL.NB&551.22&H945e;Earthquakes;Hunter Heck, Nicholas;1965;Hafner publishing company;
4309;COL.NB&551.22&I62;Earthquake Investigations in the Western United States 1931-1964;Carder, Dean S.;1964;U.S. Department of Commerce;
4310;COL.NB&551.22&k11t;Effects of the Earthquake of March 27, 1964 at Whittier, Alaska;Kachadoorian, Reuben;1965;Geological Survey Professional;
4311;COL.NB&551.22&L848e;Effect of the Earthquake of March 27, 1964, on the Eklutna, nachorage, Alaska;Logan, Malcolm H.;1967;Geological Survey Professional;
4312;COL.NB&551.22&M494m;Managua, Nicaragua Earthquake;Meehan, John F.;1973;s.n;
4313;COL.NB&551.22&N757;The Night the Earth Shook;Witkind, Irving J.;1965;;
4314;COL.NB&551.22&A532;Analysis of Small Reinforced Concrete Buildings of Earthquake Forces.;Portlandd Cement Association;1955;s.n;
4315;COL.NB&551.22&P235;The Parkfield-Cholame California, Earthquake of June-August 1966-Surface Geologic Effects Water-Resources Aspects, and Preliminary Seismic Data;Brown, Robert D.;1967;Geological Survey Professional;
4316;COL.NB&551.22&S698;The Prince William Sound, Alaska, Earthquake of 1964 and Earthquake;Wood, Fergus J.;1967;s.n;
4320;COL.NB&551.460&R425;Saline Water Conversion Report for 1964;United states Department of the Interior;1964;s.n;
4321;COL.NB&551.48&H632;Hydraulic and Hydrologic Aspects of Flood-Plain Planning;Wittala, Sulo W.;1961;U.S. Department of The Interior;
4322;COL.NB&551.48&I61;General Introduction and Hydrologic Definitions;Langbien, Ww. B.;1960;s.n;
4323;COL.NB&551.48&L759h;Hydrology for Engineers;Linsley, Ray K.;1958;McGraw-Hill;
4324;COL.NB&551.48&M294;Graphical Correlation of Gaging-Station Records;Searcy, James K.;1960;s.n;
4325;COL.NB&551.48&S941g;Guidelines for Hydrology;Task force on Hydrology and hydraulics;1973;s.n;
4327;COL.NB&551.48&W81h;Hydrology;Wisley, John;1959;s.n;
4328;COL.NB&551.498&P893;Wells;Department of the Army and the Air Force;1957;s.n;
4329;COL.NB&551.522&H959;Hurricane Camille August 1969;United States Department of Commerce;1971;s.n;
4330;COL.NB&551.8&M665r;Winds, Waves and Maritime Structures;Minikin, R.R.;1950;Charles Griffin & Company;
4331;COL.NB&552.23&A662s;Suelo-cemento de ceniza volcánica: utilización del suelo-cemento en la construcción de viviendas;Universidad de El  Salvador;1972;s.n;
4332;COL.NB&553&P397l;Lezione Di Geología Applicata;Penta, Francesco;1947;Edizione Italiani;
4333;COL.NB&620.112&F312c;Construction failure;Feld, Jacob;1968;John Wiley;
4334;COL.NB&620.112&F312f;Failures in foundations;Feld, Jacob;1965;Soiltest;
4335;COL.NB&620.112&F312L;Lessons from failures;Feld, Jacob;1964;American Concrete Institute;
4336;COL.NB&620.112&H226e;Engineering Structural Failures;Hammond, Rolt;1962;Cement and Concrete Association;
4337;COL.NB&620.112&J65y;Yield-Line Theory;Johansen, K.W.;1962;Cement and Concrete Association;
4338;COL.NB&620.112&S997f;Foundation Failures;Széchy, C.;1961;Concrete publications;
4339;COL.NB&620.121 1&U36;Ultimate strength design handbook;American Concrete Institute;1967;s.n;
4339;COL.NB&620.121 1&U36;Ultimate strength design handbook;American Concrete Institute;1967;s.n;
4340;COL.NB&620.112 3&C719e;L'equilibre des Corps Déformables;Colonnetti, G.;1955;Dunod;
4341;COL.NB&620.112 3&J91m;Mechanics of Soils;Jumikis, Alfreds R.;1964;D. Van Nostrand Company;
4343;COL.NB&620.112 32&B873s;Strength and Elasticity of Materials;Brooks, W.H.;1954;Macdonald & Co.;
4344;COL.NB&620.112 32&C796t;Teoria e Applicazioni Della Ellisse di Elaticita;Publicazioni Tecniche e di Scienze Esatte;1925;Luigi Avalle;
4345;COL.NB&620.112 32&G216e;Elasticidad Teórica y Experimental;García de Arangoá, Antonio;1945;Dossatt, S.A.;
4346;COL.NB&620.112 32&P664s;Studies in Elastic Structures;Pippard, A. J. S.;1952;Edward Arnold & Co.;
4347;COL.NB&620.112 32&P895p;Problemes de Plasticité  Théorique;Prager, W.;1958;Dunod;
4348;COL.NB&620.112 32&W244a;Applied Elasticity;Wang, Chi-Teh;1953;McGraw-Hill;
4349;COL.NB&620.112 33&J71p;Plasticity for Mechanical Engineers;Johnson, W.;1962;D. Van Nostrand Company;
4350;COL.NB&620.131&I88;Italbianco Cemento Portland Blanco ad alta resistenza e a Rapido Indurimento;Laboratorio centrale di Ricerca e controllo;1964;G.P. Tognon;
4351;COL.NB&620.136&C374;Causes, Mechanism, and Control of Cracking in Concrete;American Concrete Institute;1968;s.n;
4352;COL.NB&620.136&M294;ACI Manual of Concrete Inspection;;1975;;
4353;COL.NB&620.136&C744;Concrete Manual;;1966;;
4354;COL.NB&620.137&F352r;Reinforced Concrete Fundamentals;Fergurson, Phil M.;1965;John Wiley & Sons;
4355;COL.NB&620.137&B564m;Manual Teórico Práctico del Hormigon;Instituto del Cemento Portand Argentino;1954;El Ateneo;
4356;COL.NB&620.191&B854f;Field Inspectors Check List For Building Construction;Brigg, Lyman L.;1942;s.n;
4357;COL.NB&621&k37M;Mechanical Engineers' Handbook;kent, William;1949;John Wiley & Sons;
4358;COL.NB&621&M345m;Mechanical Engineers' Handbook;Marks, Lionel S.;1941;McGraw-Hill;
4359;COL.NB&621.204 22&A512s;Survival and Retirement Experience With Water Works Facilities;Ackerman, J. Walter;1947;American Water Works Association;
4360;COL.NB&621.204 22&B112i;Water supply engineering;Babbitt, Harold E.;1962;McGraw-Hill;
4361;COL.NB&624.204 24&A282;Water;The Yearbook Agriculture;1955;s.n;
4362;COL.NB&621&N316;Equipment Operator 1 & C;S/A.;1971;s.n;
4363;COL.NB&621.252&D232;Pump Engineering Data;S/A.;1954;Economy Pumps;
4364;COL.NB&621.3&P397e;Electrical Engineers' Handbook;Pender, Harold;1949;John Wiley & Sons;
4365;COL.NB&621.3&R559;Lo Que Usted Debe Saber Sobre los Riesgos de la Electricidad;S/A.;s.d;s.n;
4367;COL.NB&621.314&C755;Lo Que Usted Debe Saber Sobre la Conservación Preventiva de los Transformadores;;;;
4368;COL.NB&621.312 1&M254d;Plant Layout;Mallick, Randolph W.;1951;John Wiley & Sons;
4369;COL.NB&621.319 34&W112;Industrial Wire Rope;S.A.;1948;s.n;
4370;COL.NB&621.32&A772;Arquitectura de la iluminación;;1975;s.n;
4371;COL.NB&621.32&H794s;Simplied Daylight Tables;Hopkinson, R.G.;1958;s.n;
4372;COL.NB&621.4&M992r;Earthquake Resistant Regulations of The World;S.A.;1960;s.n;
4374;COL.NB&A621.483 1&D582;Military Standard Dimensioning and Tolerancing;S.A.;1960;s.n;
4380;COL.NB&621.8&D814m;Manuale per la costruzione di macchine;Dubbel, H.;1928;s.n;
4380;COL.NB&621.8&D814m;Manuale per la costruzione di macchine;Dubbel, H.;1928;s.n;
4380;COL.NB&621.8&D814m;Manuale per la costruzione di macchine;Dubbel, H.;1928;s.n;
4381;COL.NB&621.8&N316;Equipment Operator 3 & 2;S.A.;1973;s.n;
4382;COL.NB&621.8&N831l;Handbook of Mechanical Design;Norden, George F.;1942;McGraw-Hill;
4383;COL.NB&621.811&H424m;Materials Handling Equipment;Olipphant, D.;1957;Clilton Company;
4384;COL.NB&621.815&F163p;Problems on the Design of Machine Elements;Faires, Virgil M.;1941;s.n;
4385;COL.NB&621.867 2&M294;Design Manual for Structural Tubing;S.A.;1974;Committee of Steel Pipe Producers;
4386;COL.NB&621.867 2&J91g;Guide Practique Pour la Pose et L'entretien D'UNE;Jules, Martín;1962;s.n;
4387;COL.NB&623.747 52&S612;Symposium on Concrete Construction in Aqueous Environments;S.A.;1964;s.n;
4388;COL.NB&623.818 21&G778m;Steel Designers' Manual;Gray, Charles S.;1955;Crosby Lockwood and son LTD;
4389;COL.NB&623.818 21&I59d;Plastic Design in Steel;S.A.;1969;American Institute of Stell Construction;
4390;COL.NB&623.888 1&H424a;Materials Handling Applications;Haynes, D. Oliphant;1958;Chilton Company;
4391;COL.NB&621.54&H886t;Conveyors and Related Equipment;Hudson, Wilbur G.;1950;John Wiley & Sons;
4392;COL.NB&624&C718m;Manuale dell' Ingegnere;Colombo, Giuseppe;1965;Ulrico Hoepli;
4393;COL.NB&624&I59;The Institution of Civil Engineers;S.A.;1962;s.n;
4394;COL.NB&624&M568a;American Civil Engineers' Handbook;Merriman, Thaddeus;1943;John Wiley & Son;
4394;COL.NB&624&M568a;American Civil Engineers' Handbook;Merriman, Thaddeus;1943;John Wiley & Son;
4395;COL.NB&624&M647i;Engineers as Writers;Miller, Walter J.;1953;D. Van Nostrand Company;
4396;COL.NB&624.1&B266e;Le Ossature Degli Edifici;Baroni, Mario;1953;Ulrico Hoepli;
4397;COL.NB&624.1&I54;The Structural Engineer;S.A.;1957;S/E;
4398;COL.NB&624.1&J69d;Deterioration, Maintenance, and Repair of Structures;Johnson, Sidney M.;1965;McGraw-Hill;
4399;COL.NB&624.101&C824c;Calcolo Rapido Delle Strutture Reticolare ad Elementi Diritti;Correngia, Domenico;1951;Ulrico Hoepli;
4400;COL.NB&624.1&M385;Manual on Foundation Investigations;S.A.;1967;s.n;
4401;COL.NB&624.151 36&A734m;Soil Mechanics in Road Construction;Armstrong, Christtopher F.;1961;Edward Arnold;
4402;COL.NB&624.151 36&C345f;Fundamental Foundations;Cassie, W. Fisher;1968;Elsevier Publishing Company;
4403;COL.NB&624.151 36&S944;Soil as an Engineering Material;S.A.;1969;s.n;
4404;COL.NB&624.101&C844c;Calcolo Rapido Delle Strutture Reticolari ad Elementi Diritti;Correngia, Domenico;1951;s.n;
4405;COL.NB&624.104 2&M689;Practical Ways to Cut Construction Costs;S.A.;1955;McGraw-Hill;
4406;COL.NB&624.151&F979;Foundations;S.A.;1970;S.E.;
4407;COL.NB&624.151 09&P366f;Foundation Engineering;Peck, Ralph B.;1974;John Wiley & Sons;
4411;COL.NB&624.151 363&M587;Soil Stabilization Methods;S.A.;1946;Seaman Motors;
4413;COL.NB&624.515 363&M294;Manual on Stabilized Soil Construction for Housing;S.A.;1958;s.n;
4414;COL.NB&624.151 4&B549e;Ensayos de Suelos Fundamentales para la Construcción;Bertram, George E.;1964;s.n;
4415;COL.NB&624.151 4&K18s;Soils and Soil Engineering;Karol, R.H.;1960;Prentice-Hall Hispanoamericana;
4416;COL.NB&624.151 4&M593;Methods of Testing Soils For Civil Engineering Purposes;S.A.;1964;s.n;
4417;COL.NB&624.151 4&P238e;Estudio del Subsuelo en el Sitio de Fundación del Edificio para la Biblioteca y Archivo de la Nación;Parker Escolan, Edgar;1960;Universidad de El Salvador;
4418;COL.NB&624.151 7&S225r;Le Pénétrométre et la Reconnaissance des Sols;Sanglerat, G.;1965;Dunod;
4419;COL.NB&624.151 7&Z73c;Engineering Soil Classification for Residential Developments;S.A.;1959;s.n;
4420;COL.NB&624.151 7&S817s;Soil;S.A.;1957;s.n;
4421;COL.NB&624.152&C321m;General Exvavation Methods;Carson, A. Brinton;1961;McGraw-Hill;
4422;COL.NB&624.152&C334c;Canteras a Cielo Abierto;Gascuñana, Martín;1951;Dossat S.A.;
4423;COL.NB&624.152&H838i;Basic Soils Engineering;Hough, B.K.;1961;s.n;
4424;COL.NB&624.152&Z36l;Landslides and Their Control;Zárruba, Vojtech;1969;Elsevier;
4425;COL.NB&624.157 1&H945c;Construction with moving forms;Hunter, L. E.;1951;Concrete Publications;
4426;COL.NB&624.152&I62;Landslide Investigations;S.A.;1961;s.n;
4427;COL.NB&624.16&A837p;Concrete Piles;S.A.;1951;;
4428;COL.NB&624.164&B986d;Lateral Force Distribution Coefficients and Stress Analysis for Walled Frames Together With A Method for Stress Investigation of Reinforced Concrete Buildings for Lateral Forces;Butler, Don W.;1955;;
4429;COL.NB&624.164&I44p;Presiones de Tierra Muros de Retención;Bowles, Joseph;1968;McGraw-Hill;
4430;COL.NB&624.17&F312p;Proceedings estructural Success or Failure;Feld, Jacob;1955;s.n;
4431;COL.NB&624.17&F363c;Cálculo de Estructuras Reticulares;Fernández Casado, Carlos;1952;Dossat;
4433;COL.NB&624.17&K16c;Le calcul des portiques etages multiples;kani, G.;1958;Dunod;
4434;COL.NB&624.17&K16r;Rigid Frame Formulas;Kleinlogel, A.;1972;Frederick Ungar Publishing Co.;
4435;COL.NB&624.17&L586f;Frames and Arches;Leontocich, Valerian;1959;McGraw-Hill;
4436;COL.NB&624.17&M621t;Theory of Structural Analysis and Design;Michalos, James;1958;The Ronald Press Company;
4437;COL.NB&624.17&R495s;Structural Design Guide to the ACI Building Code;Rice, Paul F.;1972;Van Nostrand Reinhold Company;
4438;COL.NB&624.17&S666a;Analysis of Structures;Smolira, M.;1955;s.n;
4439;COL.NB&624.17&S683;Soils Manual for Design of Asphalt Pavement Structures;S.A.;1962;s.n;
4444;COL.NB&624.171&B732a;Advanced Structural Analysis;Borg, Sidney F.;1959;D. Van Nostrand Company;
4445;COL.NB&624.171&G846f;Influence Line Tables;Griot, Gustav;1952;Frederick Ungar Publishing;
4446;COL.NB&624.171&H698a;The Analysis of Structures;Hoff, Nicholas;1956;John Wiley & Sons;
4447;COL.NB&624.171&I36c;Calcul Des Voiles Minces en Béton Armé;Issenmann Pilarski, L.;1958;Dunod;
4448;COL.NB&624.171&J25a;Fundamentals of Structural Analysis;Jakkula, A.A.;1955;D. Van Nostrand Company;
4449;COL.NB&624.171&K64m;Mehrstielige Rahmen;Kleinlogel, Adolf;1952;Frederick Ungar Publishing;
4450;COL.NB&624.171&K66d;Distribution of Deformation;Kloucek, C.V.;1956;La Moderna;
4451;COL.NB&624.171&L735s;Sistemi Elastici Piani;Linari, Attilio;1956;s.n;
4452;COL.NB&624.171&M854e;Linear Structural Analysis;Morice, P.B.;1959;s.n;
4453;COL.NB&624.171&R724t;Tables and Formulas for Fixed end Moments;Rogers Paul;1953;Frederick Ungar Publishing;
4454;COL.NB&624.171&Z11c;Calcul Des Constructions Hyperstatiques Par les Methodes de Relaxation;Zaytzeff, Serge;1957;Dunod;
4455;COL.NB&624.171 2&F375e;Elementi di Statica Grafica;Ferrari, Carlo;1944;Librería Técnica Editrice Dott;
4456;COL.NB&624.171 2&H513e;Estática Gráfica;Henkel, O.;1949;Labro S.A.;
4457;COL.NB&624.171 2&P187c;Curso Medio de Estática Gráfica;Panseri, Enrique;1952;Construcciones Sudamericanas;
4458;COL.NB&624.171 2&R896e;Elementos de Grafostática;Sanjuan, I. Rubio;1951;Labor S.A.;
4459;COL.NB&624.171 3&C638a;An Analysis of Statically Indeterminate Structures;Clifford D. Williams;1952;International Textbook Company;
4460;COL.NB&624.171 3&G244s;Statically Indeterminate Structures;Gartner,  R.;1951;Concrete Publications Limited;
4461;COL.NB&624.171 3&M426s;Hyperstatic Structures;Matheson, J.A.L.;1960;s.n;
4462;COL.NB&624.171 3&M449s;Statically Indeterminate Structures;Maugh, L. C.;1949;John Wiley & Sons;
4463;COL.NB&624.171 3&M465t;Theory of Statically Indeterminate Structures;Maxwell Fife, Walter;1937;McGraw-Hill;
4464;COL.NB&624.171 3&M986c;Le Calcul Des Systemes Hyperstatiques;Mussette, L.;1945;Editions Desoer Liege;
4465;COL.NB&623.171 3&P225a;Analysis of Statically Indeterminate Structures;Parcel, John I.;1955;John Wiley & Sons;
4466;COL.NB&624.171 3&P225e;An elementary treatise on staticalli indeterminate streeses;Parcel, John Ira;1952;John Wiley;
4467;COL.NB&624.171 3&R554c;Calcul Des Constructions Hyperstatique;Rieger, J.;1936;Dunod;
4467;COL.NB&624.171 3&R554c;Calcul Des Constructions Hyperstatique;Rieger, J.;1936;Dunod;
4468;COL.NB&624.171 3&W246e;Statically Indeterminate Structures;Wang, Chu-Kai;1953;McGraw-Hill;
4469;COL.NB&624.171 4&D478;Deflections of Concrete Structures;S.A;1974;s.n;
4470;COL.NB&624.172&F533c;Calcul Des Cadres par la Méthode des Deformations;Fischer, A.;1950;Dunod;
4471;COL.NB&624.176 2&A838;Engineering Aspects of The Lima, Perú Earthquake of October 3, 1974.;S/A;1974;s.n;
4472;COL.NB&624.176 2&C647t;Translations in Earthquake Engineering;S/A;1960;S.E.;
4473;COL.NB&624.176 2&C733;Recommended Lateral Force Requirements and Commentary;S.A.;1973;S.E.A.;
4474;COL.NB&624.176 2&D877e;Earthquake and Blast Effects on Structures;Duke, Martín;1952;s.n;
4475;COL.NB&624.176 2&G748e;Efectos Sismicos en las Estructuras de Concreto Reforzado Regidización de Edificios;Graniello Carballo, Eduardo;1965;S.E.;
4476;COL.NB&624.176 2&M395t;Trattato Cotruzioni Antisismiche;Masciari Genoese, F.;1915;Ulrico Hoepli;
4477;COL.NB&624.176 2&L669a;Engineering Aspects of the 1971 San Fernando Earthqueake;S.A.;1971;S.E.;
4478;COL.NB&624.176 2&M776g;Building Structures in Earthqueke Countries;Montel, Alfredo;1952;Charles Griffin & Company;
4479;COL.NB&624.176 2&P963;Procedings of The Second World Conference on earthquake Enginering;S.A.;1960;Gakujutsu Bunken Fukyu-Kai;
4479;COL.NB&624.176 2&P963;Procedings of The Second World Conference on earthquake Enginering;S.A.;1960;Gakujutsu Bunken Fukyu-Kai;
4479;COL.NB&624.176 2&P963;Procedings of The Second World Conference on earthquake Enginering;S.A.;1960;Gakujutsu Bunken Fukyu-Kai;
4480;COL.NB&624.177 1&B168u;The Ultimate-Load Theory Applied to the Design of Reinforced & Prestressed Concrete Frames;Baker, A.L.L.;1958;Concrete Publications Limited;
4484;COL.NB&624.177 1&D611;Structural Welding Code;S.A.;1974;American Welding Society;
4485;COL.NB&624.177 1&CH426d;The design of shells a practical approach;Chronowicz, Albin;1960;Frederick Ungar Publishing;
4486;COL.NB&624.177 1&Y68s;Structural Theory and Design;McHardy Young, J.;1951;Crosby Lockwood & Son;
4487;COL.NB&624.177 2&B471d;Desing of Eccentrically-Loaded Columns by the Load-Factor Method;Bennett, J.D.;1959;Concrete Publications Limited;
4488;COL.NB&624.177 2&B658t;Translation Key To Kleinlogel's Mehrstielige Rahmen;Blum, Fred;1952;Frederick Ungar Publishing;
4489;COL.NB&624.177 2&E68i;Influence Lines For Thrust and Bending Moments in the Fixed;Eriksen, B.;1959;Concrete Publications Limited;
4490;COL.NB&624.177 2&E94d;CRSI Handbook;S.A.;1975;Concrete Reinforcing Steel Institute;
4492;COL.NB&624.177 2&S211l;La Vigueta Pretensada Técnica y Económica para Nuestra Vivienda;Sánchez Menjívar, Pablo Antonio;1966;Universidad de El Salvador;
4493;COL.NB&624.177 23&B467c;Nociones de cálculo plástico de vigas rectas y porticos simples;Benito, Carlos;1960;S.E.;
4494;COL.NB&624.177 3&G849b;BEAM Fórmulas;Griffel, William;1970;Frederick Ungar Publishing;
4495;COL.NB&624.177 3&K64b;BEAM Fórmulas;Kleinlogel, A.;1953;Frederick Ungar Publishing;
4496;COL.NB&624.182&C357;Catálogo de Productos Estructurales;S/A;S/F;S/E;
4497;COL.NB&624.177 4&C112;El cable de acero especificaciones;S/A;0;s.n;
4498;COL.NB&624.18&R294;Internal Recommendations for the Design and Construction of Concrete Structures;S/A;1970;S.E.;
4498;COL.NB&624.18&R294;Internal Recommendations for the Design and Construction of Concrete Structures;S/A;1970;S.E.;
4499;COL.NB&624.1982 1&A852;ASTM Specifications for Rolled Structural Steel;S.A.;1963;American Society for Testing and Materials;
4500;COL.NB&624.182 1&P949m;Design Manual for High-Strength Steels;Priest, H. Malcolm;1957;s.n;
4501;COL.NB&624.182 1&S741;Suplementary Information on the 1968 edition of the Specification for the Design of Cold-Formed Steel Structural Members;S.A.;1972;American Iron Aand Steel Institute;
4501;COL.NB&624.182 1&S741;Suplementary Information on the 1968 edition of the Specification for the Design of Cold-Formed Steel Structural Members;S.A.;1972;American Iron Aand Steel Institute;
4501;COL.NB&624.182 1&S741;Suplementary Information on the 1968 edition of the Specification for the Design of Cold-Formed Steel Structural Members;S.A.;1972;American Iron Aand Steel Institute;
4501;COL.NB&624.182 1&S741;Suplementary Information on the 1968 edition of the Specification for the Design of Cold-Formed Steel Structural Members;S.A.;1972;American Iron Aand Steel Institute;
4503;COL.NB&624.183 3&C934g;Joints & Cracks in Concrete;Critchell, Peter L.;1958;Contractors Record Limited;
4505;COL.NB&624.183 3&F353f;Reinforced Concrete Fundamentals;Ferguson, Phil M.;1973;John Wiley & Sons;
4507;COL.NB&624.183 3&M113c;Concrete Primer;McMillan, F.R.;1960;American Concrete Institute;
4508;COL.NB&624.183 4&CH442c;Le Calcul Du Beton Arme a la Rupture;Chambaud, R.;1965;Eylles;
4509;COL.NB&624.183 4&F736l;Les Betons Legers;Graf, Otto;1955;s.n;
4510;COL.NB&624.183 4&M820h;Hormigón Armado;Moral, Fernando;1953;Dossat;
4511;COL.NB&624.183 4&R364c;Concrete Construction;Reynolds, Chas E.;1967;Concrete Publications Limitted;
4512;COL.NB&624.183 4&V728c;Calcul Du Beton Arme Aux Etats-Limites;Ville de Goyet, A.;1971;Dunod;
4513;COL.NB&624.183 4&V199c;Cellular Concretes;Valore, Rudolph C.;1954;American Concrete Institute;
4514;COL.NB&624.183 4&W988e;Estimating and Cost Keeping for Concrete Structures;Wynn, A.E.;1953;Concrete Publications Limited;
4515;COL.NB&624.183 41&A181;ACI Manual of concrete practice;American Concrete Institute, ACI;1970;ACI;
4515;COL.NB&624.183 41&A181;ACI Manual of concrete practice;American Concrete Institute, ACI;1970;ACI;
4515;COL.NB&624.183 41&A181;ACI Manual of concrete practice;American Concrete Institute, ACI;1970;ACI;
4516;COL.NB&624.183 41&A837;Translation Codes of Practice on Reinforced Concrete;S.A.;1966;C.&. CA;
4517;COL.NB&624.183 41&B471m;Reinforced Concrete Members Subjected to Bending and Direct Force;Bennett, J.D.;1963;Concrete Publications Limited;
4518;COL.NB&624.183 41&B167h;Limit State Design of Reinforced Concrete;Baker, A. L.L.;1970;Cement and Concrete Association;
4519;COL.NB&624.183 41&B658d;Design of multistory reinforced concrete buildings for earthquake motions;Blume, John A.;1961;Portland Cement Association;
4520;COL.NB&624.183 41&B674d;Design of Reinforced Concrete;Boguslavsky, Boris W.;1959;Macmillan Company;
4537;COL.NB&624.177 1&S927;Structural Design Procedure for Corrugated Plastic Drainage Tubing;S.A.;1973;s.n;
4541;COL.NB&625.725&G345;Geometric Design Standards for Highways Other Thn Freeways;American Association of State Highway Officials;1969;s.n;
4542;COL.NB&631.857&D361l;L'Irrigation en Grande Culture;Deloye, M.;1953;La Deffusion Du Livre;
4543;COL.NB&388.413&A111;A Policy on Design Standards for Stopping Sight Distance;S.A.;1971;American Association of State Highway Officials;
4544;COL.NB&690.26&S128;Safety in Industria;S.A.;1967;Labor;
4551;COL.NB&624.183 41&S464;Selección y Empleo de Agregados para Concreto;S.A.;1961;Instituto Mexicano del Cemento;
4552;COL.NB&624.183 41&S431e;Explanatory Handbook on the B.S. Code of Practice for Reinforced Concrete;Scott, W.L.;1969;Concrete Publications Limited;
4552;COL.NB&624.183 41&S431e;Explanatory Handbook on the B.S. Code of Practice for Reinforced Concrete;Scott, W.L.;1969;Concrete Publications Limited;
4554;COL.NB&624.183 4&J76t;Techinical Report: The Ultimate Flexural Strength of Reinforced and Prestressed Concrete Beams;Jones, L.L.;1958;Cement and Concrete Association;
4555;COL.NB&624.183 41&I59p;Placing Reinforcing Bars;S.A.;1973;Concrete Reinforcing Steel Institute;
4556;COL.NB&624.183 41&I59p;Commentary on building code requirements for reinforced concrete ( ACI 318-63);American Concrete Institute, ACI;1965;ACI;
4557;COL.NB&624.183 41&H236;Reinforced Concrete Design Handbook;S.A.;1955;American Concrete Institute;
4558;COL.NB&624.183 41&C669;Australian Standard Rules for the Use of Normal Reinforced Concrete in Buildings;S.A.;1961;Standards Association of Australia;
4559;COL.NB&624.183 41&S732l;Lecciones de Estructuras de Hormigón Armado;Spampinato, Agripino R.;1952;s.n;
4561;COL.NB&624.183 412&A139p;The Principles and Practice of Prestressed Concrete;Abeles, P. W.;1949;Frederick Ungar Publishing;
4562;COL.NB&624.183 412&A837m;Tentative Standards for Prestressed Concrete Piles, Slabs, Beams and box Beams for Bridges and an Interim Manual for Inspection of such Construction;S.A.;1967;Join Committee;
4563;COL.NB&624.183 412&C421c;Cemento Armato Precompresso;Cestelli-Guidi, Carlo;1953;Ulrico Hoepli;
4564;COL.NB&624.183 412&F723;Forms for Architectural Concrete;S.A.;1952;Portland Cement Association;
4565;COL.NB&624.183 412&F981;Fundamentals of Prestressed Concrete Design;S.A.;1964;s.n;
4566;COL.NB&624.183 412&G989h;Betón Precontraint;Guyton, Y.;1958;Eyrolles;
4567;COL.NB&624.183 412&K33p;Practical Prestressed Concrete;Ken Preston, H.;1960;McGraw-Hill;
4568;COL.NB&624.183 412&M283m;The Displacement Method od Frame Abalysis;Manning G. P.;1952;Concrete Publications Limited;
4569;COL.NB&624.183 412&W199g;A Guide to the B.S. Code of Practice for Prestressed Concrete;Walley, F.;1961;Concrete Publications;
4570;COL.NB&624.183 413&W199c;Prestressed Concrete Design & Construction;Walley, F.;1953;The Ministry of Works;
4571;COL.NB&624.183 414&A159a;Architecture Prefabriquée;Abraham, Pol;1952;Dunod;
4572;COL.NB&624.183 414&F677h;Hormigoness pretensados principios y aplicaciones;Font Maymo, J.;1950;;
4574;COL.NB&624.183 414&G989b;Béton Précontraint;Guyon, Y.;1951;Eyrolles;
4575;COL.NB&624.183 414&V695h;Hormigones y Prefabricados;Vilagut, F.;1953;Reverté, S.A.;
4576;COL.NB&624.183 42&D897a;Advanced Reinforced Concrete;Dunham, Clarence W.;1963;McGraw-Hill;
4577;COL.NB&624.183 42&E74c;Cálculo Elemental y Ejecución de las Obras de Hormigón Armado;Escalera de la, F. Martin;1949;Dossat, S.A.;
4578;COL.NB&624.183 42&H693m;Manuale Enciclopedico de la Ingeniería Moderna;Rossi, Carlo;1926;Ulrico Hoepli;
4578;COL.NB&624.183 42&H693m;Manuale Enciclopedico de la Ingeniería Moderna;Rossi, Carlo;1926;Ulrico Hoepli;
4578;COL.NB&624.183 42&H693m;Manuale Enciclopedico de la Ingeniería Moderna;Rossi, Carlo;1926;Ulrico Hoepli;
4578;COL.NB&624.183 42&H693m;Manuale Enciclopedico de la Ingeniería Moderna;Rossi, Carlo;1926;Ulrico Hoepli;
4578;COL.NB&624.183 42&H693m;Manuale Enciclopedico de la Ingeniería Moderna;Rossi, Carlo;1926;Ulrico Hoepli;
4578;COL.NB&624.183 42&H693m;Manuale Enciclopedico de la Ingeniería Moderna;Rossi, Carlo;1926;Ulrico Hoepli;
4579;COL.NB&624.183 42&J77a;Ultimate Load Analysis of Reinforced and Prestressed Concrete Structures;Jones, L.L.;1962;Chatto and Windus;
4580;COL.NB&624.183 42&k45c;Béton Armé: Calcul Pratique des Ouvrages;Khramoff, J.;1960;Technique & Vulgarisation;
4581;COL.NB&624.183 42&P366c;Concrete Pipe Handbook;Peckworth, Howard F.;1967;American Concrete Pipe Association;
4582;COL.NB&624.183 49&D917c;Advanced Reinforced Concrete;Dunham, Clarence W.;1964;McGraw-Hill;
4583;COL.NB&624.183 49&E68t;Theory and Practice of Structural Design Applied to Reinforced Concrete;Eriksen, B.;1953;Concrete Publications Limited;
4584;COL.NB&624.183 42&R364;Reinforced Concrete Columns;S.A.;1975;American Concrete Institute;
4585;COL.NB&624.184&H964f;Formwork for Concrete;Hurd, M.K.;1969;American Concrete Institute;
4586;COL.NB&624.189 23&I59d;Plastic Design of Braced Multistory  Steel Frames;S.A.;1969;Commitee of Structural Steel Producers;
4587;COL.NB&624.37&S444;Standard beam sections for prestressed concrete bridges;Cement and Concrete Association;1963;;
4588;COL.NB&624.37&P976;Steel girder bridges;British Standard Specification;1964;British Standards Institution;
4590;COL.NB&624.28&V187l;La Conctruction des Ponts;Vallette, R.;1964;Dunod;
4591;COL.NB&624.28&S819p;Bridges and Their Builders;Steinman, David B.;1958;Dover Publications;
4592;COL.NB&624.28&M294;Manual for Maintenance Inspection of Bridges 1974;S.A.;1970;Operating Subcommittee on Bridges and Structures;
4593;COL.NB&624.25&P977c;Curso de Hormigón Armado;Pucher, Adolf;1960;El Ateneo;
4594;COL.NB&624.25&H236;Handbook for Welding Design;S.A.;1967;The Institute of Welding;
4595;COL.NB&624.2&S914;Reinforced Concrete Bridge Members;S.A.;1966;s.n;
4596;COL.NB&624.2&R878d;Concrete Bridge Design;Rowe, R.E.;1962;John Wiley & Sons;
4597;COL.NB&624.2&J56m;Modern British Bridges;Henry, Dorothy;1965;C.R. Books Limited;
4598;COL.NB&624.2&C756;Construction Manual for Highway Bridges and Incidental Structures;S.A.;1966;American Association of State Highway Officials;
4599;COL.NB&624.2&C592p;Welded Deck Highway Bridges;Clark, James G.;1950;s.n;
4600;COL.NB&624.19&P316m;Methods of Flow Measurement in Well Bores;Patten, P. Eugene;1962;s.n;
4601;COL.NB&624.189 23&N339a;The Plastic Methods of Structural Analysis;Neal, B. G.;1956;John Wiley & Sons;
4602;COL.NB&624.189 23&H618d;Plastic Design of Portal Frames;Heyman, Jacques;1957;Cambridge;
4603;COL.NB&624.2&C733g;A Guide for Propective Screening of Overpass Structures;S.A.;1968;American Association of State Highway Officials;
4605;COL.NB&624.817&B656t;Théorie et Pratique Des Travaux a la Mer;Blosset, M.;1951;Eyrolles;
4606;COL.NB&625&C756;Construction Manual;S.A.;1968;American Association of State Highway Officials;
4607;COL.NB&625.7&C786c;Caminos: Circulación, Trazado, Construcción;Coquand, R.;959;Reverté, S.A.;
4608;COL.NB&625.7&C786r;Routes: Circulation, Tracé, Construction;Coquand, R.;1962;Eyrolles;
4608;COL.NB&625.7&C786r;Routes: Circulation, Tracé, Construction;Coquand, R.;1962;Eyrolles;
4609;COL.NB&625.7&CH475r;Road Junctions in Rural Areas;S.A.;1965;Scientific and Industrial Research;
4610;COL.NB&625.7&E74c;Caminos;Escario, José Luis;1960;s.n;
4610;COL.NB&625.7&E74c;Caminos;Escario, José Luis;1960;s.n;
4611;COL.NB&625.7&E77;Especificaciones generales para la construcción de caminos y puentes en los proyectos federales de carreteras;;1964;International Road Federatio;
4612;COL.NB&625.7&E77;Road Specifications;S.A.;1938;Richmond;
4613;COL.NB&625.7&E77;Reference Guide Outline Specifications for Aerial Surveys and Mapping by Photogrannetric Methods for Highways;S.A.;1968;U.S. Department of Transportation;
4614;COL.NB&625.7&H638;Highway Progress;S.A.;1964;United States Department of commerce;
4615;COL.NB&625.7&I62;Highway Research Board;S.A.;1959;s.n;
4622;COL.NB&625.725&S454;Highway Safety, Design and Operations;S.A.;1968;Special Subcommittee on the Federal aid Highway Program;
4623;COL.NB&625.725&S159a;Apuntes sobre el uso de las Computadoras Electrónicas en el Diseño de Carreteras y Puentes;S.A.;1968;Asociación del Hormigón Armado de Centro América y Panamá;
4624;COL.NB&625.725&J77d;The Geometric Design of Modern Highways;Jones, John Hugh;1961;John Wiley & Sons;
4625;COL.NB&625.725&B261t;Transition Curves for Highways;Barnett, Joseph;1965;s.n;
4626;COL.NB&625.723&S941g;Guidelines for Hydraulic Considerations in Highway Planning and Location;S.A.;1973;AASHO;
4627;COL.NB&625.704 2&P962;Highway Safety Program Standards;S.A.;1962;s.n;
4627;COL.NB&625.704 2&P962;Highway Safety Program Standards;S.A.;1962;s.n;
4628;COL.NB&625.704 2&D419;A Handbook of Highway Safety Design and Operating Practices;S.A.;1973;s.n;
4629;COL.NB&625.704&R337;Highway Research Record;S.A.;1966;s.n;
4630;COL.NB&625.704&I62;Road Research;S.A.;1963;s.n;
4630;COL.NB&625.704&I62;Road Research;S.A.;1963;s.n;
4630;COL.NB&625.704&I62;Road Research;S.A.;1963;s.n;
4630;COL.NB&625.704&I62;Road Research;S.A.;1963;s.n;
4632;COL.NB&625.7&R628;Roads and Aairfields;S.A.;1957;s.n;
4633;COL.NB&625.7&P766;A Policy on Arterial Highways in Urban Areas;;1962;;
4634;COL.NB&625.7&M294;Manual of Instructions for Construction of Roads and Bridges on Federal Highway Projects;S.A.;1970;s.n;
4635;COL.NB&625.73&E19l;Landslides and Engineering Practice;S.A.;1958;s.n;
4636;COL.NB&625.732&R337;Highway Research Record;S.A.;1972;s.n;
4637;COL.NB&625.733&E96;El Experimento Vial A.A.S.H.O.;A.A.S.H.O.;s.d;s.n;
4638;COL.NB&625.734&H236;Handbook of Stell Drainage & Highway Construction Products;S.A.;1971;American Iron and Steel Institute;
4639;COL.NB&625.735&S741;Standars Specifications for Highway Materials and Methods of Sampling and Testing;S.A.;1966;Published by the association;
4640;COL.NB&625.74&S837r;Soil Cement Roads;S.A.;1935;s.n;
4641;COL.NB&625.74&D885i;Investigations to Assess the Potentialities of Lime for Soil Stabilization in the United Kingdon;Dumbleton, M.J.;1962;Her Majesty's Stationery Office;
4642;COL.NB&625.74&K591s;Soils and Other Roadmaking Materials in Nigeria;Clare, K.E.;1962;Her Majesty's Stationary Office;
4643;COL.NB&625.76&Q3i;Instructivo sobre Conservación de Caminos;Quevedo, Salvador G.;1951;Departamento de Proyectos  y Estudios Técnicos;
4644;COL.NB&625.77&C591u;The Use and Control of Vegetation on Rodads and Airfields Overseas;Clare, K.E.;1961;Her Majesty's Stationary Office;
4645;COL.NB&625.794&A837m;Manual for Signing and Pavement Marking;American Association of State Highway Officials;1961;s.n;
4646;COL.NB&625.8&S159;Salt for Road Stabilization;S.A.;1954;Salt Institute;
4647;COL.NB&625.8&F514p;Better Concrete Pavement Serviceability;Finney, Edwin A.;1973;The Iowa State University Press;
4648;COL.NB&625.8&D611;Thickness Design for Concrete Pavements;S.A.;1966;s.n;
4649;COL.NB&625.8&D419s;Soil Mechanics for Road Engineers;S.A.;1961;Her Majesty's Stationary Office;
4650;COL.NB&625.8&A837d;Highway Design and Operational Practices Related to Highway Safety;S.A.;1967;The American Association of State Highway Officials;
4650;COL.NB&625.8&A837d;Highway Design and Operational Practices Related to Highway Safety;S.A.;1967;The American Association of State Highway Officials;
4651;COL.NB&625.795&S927;Earth Retaining Structures;S.A.;1963;The Institution of Structural Engineers;
4652;COL.NB&625.795&G943;A.A.S.H.O.;S.A.;1967;s.n;
4653;COL.NB&625.794&M313;A Guide to the Structural Design of Bituminous-Surfaced Roads in Tropical and Sub-tropical Countries;S.a.;1962;s.n;
4655;COL.NB&625.794&M313;Notes on Using the SYX-RRL Vehicle Counter N°.4;S.A.;1962;s.n;
4657;COL.NB&625.794&M294;Manual de Señales Viales;S.A.;1973;División Productos Reflejantes;
4658;COL.NB&627&C168t;Tratado de  hidráulica aplicada;Calvin, Victor Davis;1956;Labor;
4659;COL.NB&625.8&S741;Standard Specifications for Construction of Roads and Bridges on Federal Highway Projects;S.A.;1962;Depatments off Comerce;
4660;COL.NB&625.8&S785;Standard Specifications for Highway Materials and methods of Sampling and Testing;S/A;1970;The American Association of State Highway Officials;
4661;COL.NB&625.8&S941g;Guidelines for Erosion and Sediment Control in Highway Construction;S/A;1973;AASHO;
4662;COL.NB&625.85&C236;Asphalt Overlays and Paviment Rehabilitation;S/A;1969;The Asphal Institute;
4663;COL.NB&625.85&A838;Asphalt Paving Manual;S/A;1965;The Asphalt Institute;
4664;COL.NB&625.85&C314;Carreteras de Hormigón;S/A;1962;Bradley & Foster;
4665;COL.NB&625.85&G546m;Bituminous Materials in Road Construction;S/A;1962;Her Majesty's Stationery Office;
4667;COL.NB&625.85&M685d;Mix Design Methods for Asphalt Concrete;S/A;1962;The Asphalt Institute;
4668;COL.NB&627&M294;Hydrology Handbook;S/A;s.d;s.n;
4669;COL.NB&627&L759e;Elements of Hydraulic Engineering;Linsley, Ray K.;1955;McGraw-Hill;
4670;COL.NB&627&L541d;Irrigation and Hydraulic;Leliavsky, Serge;1957;Chapman & Hall;
4671;COL.NB&627&K52h;Handbook of Hydraulics;King, Horace Williams;1954;McGraw-Hill;
4672;COL.NB&627&H493c;Construcciones Hidráulicas;Hentze, J.;1951;Labor S.A.;
4673;COL.NB&627&F698t;Tratado de Hidráulica;Forchheimer, P.;1950;Labor S.A.;
4674;COL.NB&627&E77;Specification of General Requirements for the Metal-ARC Welding fo Mild Steel;S/A.;1964;British Standards Institution;
4675;COL.NB&627&D261h;Handbook of Applied Hydraulics;Davis, Calvin Victor;1942;McGraw-Hill;
4676;COL.NB&627&C823c;Costruzioni Idrauliche;Ruggiero, Corrado;1947;Vallerini;
4677;COL.NB&627.135 2&D419w;Welded Steel Penstocks;S/A;1968;United States Departament of the Interior;
4678;COL.NB&627&S296h;Hidráulica y Construcciones Hidráulicas;Schafer, A.;1959;Labor S.A.;
4679;COL.NB&627&S914p;Problemas de Hidráulica Aplicada;Streck, Otto;1948;Labor S.A.;
4680;COL.NB&627.13&C212;Canalizaciones Fundición Dúctil;S/A;1978;Pont-A-Mousson S.A.;
4681;COL.NB&627.13&C212;Canalisations;S/A;1977;Pont-A-Mousson S-A.;
4683;COL.NB&627.12&R585;T.V.A. a River Controlled;S.A.;1958;United State Goverment Printing Office;
4684;COL.NB&627.13&C212;Canal Linings and Methods of Reducing Costs;S/A;1948;States Department of the interior;
4685;COL.NB&627.12&L541i;An Introduction to Fluvial Hydraulics;Leliavsky, Serge;1955;Dover Publications;
4686;COL.NB&627.4&D136a;Flood-Frequency Analyses;Dalrymple;1960;United State Goverment Printing Office;
4687;COL.NB&627.44&R972;Storage and Flood Routing;Carter, R. W.;1960;United States Goverment Printing Office;
4688;COL.NB&627.5&P649s;Sistemas de Riegos;Pineda Somoza, Carlos Ernesto;1955;Universidad Autónoma de El Salvador;
4689;COL.NB&627.52&B337t;Traité D'Irrigation;Bauzil, V.;1952;Eyrolles;
4689;COL.NB&627.52&B337t;Traité D'Irrigation;Bauzil, V.;1952;Eyrolles;
4690;COL.NB&627.52&I68;Conservation Irrigation in Humid Areas;S/A;1957;s.n;
4691;COL.NB&627.54&M294;Field and Office Manual;S/A;1966;Engineering News-Record;
4692;COL.NB&627.54&M588p;American Sewerage Practice;Metcalf, Leonard;1915;McGraw-Hill;
4692;COL.NB&627.54&M588p;American Sewerage Practice;Metcalf, Leonard;1915;McGraw-Hill;
4693;COL.NB&627.8&A436r;Low Dams A Manual of Design for Small Water Storage Projects;S/A;1938;Subcommittee on small water storage Projects;
4695;COL.NB&627.8&M672p;Aprovechamiento Hidroeléctrico de Douro International Escalao de Miranda;S/A;s.d;s.n;
4696;COL.NB&627.8&C961;Fourth Congress on Large Dams;S/A;s.d;s.n;
4696;COL.NB&627.8&C961;Fourth Congress on Large Dams;S/A;s.d;s.n;
4696;COL.NB&627.8&C961;Fourth Congress on Large Dams;S/A;s.d;s.n;
4696;COL.NB&627.8&C961;Fourth Congress on Large Dams;S/A;s.d;s.n;
4697;COL.NB&627.8&P585h;Picote Hidro-Eléctrica Do Douro;S/A;s.d;s.n;
4698;COL.NB&627.8&M458s;Studies in the Construction of Dams Earthen and Masonry;Matthews, E.R.;1919;Charles Griffin & Company;
4699;COL.NB&627.8&R294;Merrit Dam: tchnical record of design and construction;;1968;United State Department of the Interior;
4701;COL.NB&627.86&F772l;Les Réservoirs D'eau;S/A;1963;Dunod;
4702;COL.NB&627.9&E78t;Tratado de Construcción;Esselborn, Carlos;1944;Gustavo Gili;
4703;COL.NB&628&M678c;Costruzione Delle Fognature;Mistrangelo, Claudio;1949;Ulrico Hoepli;
4704;COL.NB&628.1&B932;Building Dainage;S/A;1964;British Standard Code of Practice;
4705;COL.NB&628.1&D611;Desing and Construction of Concrete Sewers;S/A;1968;Portland Cement Association;
4706;COL.NB&628.1&G216a;Administración Nacional de Acueductos y Alcantarillados A.N.D.A. Tanque de 6 500 Metros Cúbicos en Soyapango, Suplemento al Estudio de Alternativas;García Prieto, Atilio;1974;Atilio García Prieto y CIA;
4706;COL.NB&628.1&G216a;Administración Nacional de Acueductos y Alcantarillados A.N.D.A. Tanque de 6 500 Metros Cúbicos en Soyapango, Suplemento al Estudio de Alternativas;García Prieto, Atilio;1974;Atilio García Prieto y CIA;
4707;COL.NB&628.1&H236;Handbook of Drainage and Construction Products;W. H. Spindler;1955;Lakeside Press;
4708;COL.NB&628.1&S785;Public Health Service Drinking Water Standards;S/A;1962;United State Government Printing Office;
4709;COL.NB&628.1&R294;Recommended Minimum Requirements For Plumbing;S/A;1932;Subcommittee on Pumbing of the Building code Committee;
4710;COL.NB&628.1&P644r;Recomendaciones a la Municipalidad de la Villa Concepción de Ataco, Departamento de Ahuachapan para Normalizar su Servicio de Agua Potable y Red de Cloacas Sanitarias;Pimentel, Felipe Remberto;1959;Universidad Autónoma de El Salvador;
4711;COL.NB&628.1&N899n;Report of the Coordinating Committee for a National Plumbing Code;S/A;1951;U.S. Department of Commerce;
4712;COL.NB&628.1&M678p;Provvista e Distribuzione di Acqua Potabile;Mistrangelo, Claudio;1945;Ulrico Hoepli;
4713;COL.NB&628.1&H682m;Manual of British Water Supply Practice;Hobbs, Aubrey Thomas;1953;The Institution of Water Engineers;
4714;COL.NB&628.1&S824a;Abastecimiento de agua y alcantarillado;Steel, Ernest;1961;Gustavo Gili;
4715;COL.NB&628.1&U58;Uniform Plumbing Code;S/A;1976;International Association of Plumbing and Mechanical Officuals;
4716;COL.NB&628.112&M942r;Replenisshment of Ground Water Supplies by Artificial Means;Muckel, Dean C.;1959;United States Department of Agriculture;
4717;COL.NB&628.114&P893;Effects of Well Screens on Flow Into Wells;S/A;1963;American Society of Civil Engineers;
4718;COL.NB&628.144&M294;Manual of Individual Water Supply Systems;S/A;1962;United States Government Prining Office;
4719;COL.NB&628.144 028 7&M294;Manual of Water Works Accounting;S/A;1938;Municipal Finance Officers Association;
4720;COL.NB&628.15&A837s;Standard Specifications for Cast Iron Water Pipes and Special Castings;S/A;1952;American  Water Works Association;
4721;COL.NB&628.15&I62;Inventario  físico de sistemas de acueductos;;1961;Oficina de Estudios para Agua Potable y Alcantarillado;
4722;COL.NB&628.15&Z73f;Feasibility of Curved Alignment for Residential Sanitary Sewers;Zimmerman, Julian H.;1959;Federal Housing Administration;
4723;COL.NB&628.116&J75t;Travaux Maritimes;Joly, Georges de;1932;Bailliere Et Fils;
4723;COL.NB&628.116&J75t;Travaux Maritimes;Joly, Georges de;1932;Bailliere Et Fils;
4724;COL.NB&628.15&A543p;Plan de Tarifas para los Servicios  de Acueductos y Alcantarillados;Administración Nacional de Acueductos y Alcantarillados ANDA.;1966;s.n;
4725;COL.NB&625.15&O65;ACODAL Organo Oficial de la Asociación Colombiana de Acueductos y Alcantarillados;S/A;1963;ACODAL;
4726;COL.NB&628.16&R154m;Methods for Collection and Analysis of Water Samples;Rainwater, F. H.;1960;United States Government Printing Office;
4727;COL.NB&628.162&D321m;Manual Técnico del Agua;Degrémont, Gilbert;s.d;s.n;
4728;COL.NB&628.166 2&U18r;Saline Water Conversión Report;Udall, Stewart;1965;United States Department of the Interior;
4729;COL.NB&628.166 3&F646;Fluoridation of Water;S/A;1954;United States Government Printing Office;
4730;COL.NB&628.168&K64a;Aspects of River Pollution;Klein, Louis;1957;Butterworths Scientific Publications;
4731;COL.NB&628.168 2&I31d;Disposal of Sewage and Other Water Borne Wastes;Imhoff, Karl;1956;Butterworths Scientific Publications;
4732;COL.NB&628.168 2&S251f;Fognatura Domestica Idráulica Sanitaria;Sartorio, G.S.;1941;Torino;
4733;COL.NB&628.2&D536;Sewage Works Journal;S/A;1945;Sewage Works Associations;
4734;COL.NB&628.2&K26t;Sewage Treatment-How It Is Acconplished;Keefer, C.E.;1957;Smithsonian Institution;
4735;COL.NB&628.24&C733d;Design and Construction of Sanitary and Storm Sewers;S/A;1960;American Society of Civil Engineers;
4736;COL.NB&628.25&A837a;Concrete Culberts and Conduits;S/A;1969;Portland Cement Association;
4737;COL.NB&628.35&W324;Water Quality and Treatment;S/A;1951;The American Water Works;
4738;COL.NB&628.4&G978p;Principles of Industrial Waste Treatment;S/A;1956;John Wiley & Sons;
4739;COL.NB&628.51&G168i;Impianti Sanitari;Gallizio, Angelo;1949;Ulrico Hoepli;
4740;COL.NB&628.51&K76d;Les Réseaux D'egouts;Koch, P.;1962;Dunod;
4741;COL.NB&628.742&B114s;Sewerage and Sewage Treatment;Babbitt, Harold E.;1962;John Wiley & Sons;
4742;COL.NB&628.92&C949l;Handbook of Fire Protection;Moulton, Robert S.;1954;National Fire Protection Association;
4743;COL.NB&628.925 2&H632;Hydrant Systems;S/A;1952;The Council for Codes of Practice for Buildings;
4744;COL.NB&629.136&S78s;Standard Specifications for Construction of Airports;S/A;1968;Department of Transportation Federal Aviation Administration;
4745;COL.NB&629.136 34&E57;Engineering and Design Flexible Airfield Pavements;S/A;1964;Government Printing Office;
4747;COL.NB&631.27&P414c;Concrete Fences;Pennington, A. M.;1950;Concrete Publications Limited;
4748;COL.NB&631.28&G934i;Introducción al Estudio de las Presas de Tierra;Guerra Majorel, Juan Christian;1967;Universidad de El Salvador;
4749;COL.NB&631.432&J67m;Methods of measuring soil moisture in the field;Johnson, A. I.;1962;United States Government Printing Office;
4750;COL.NB&631.45&W749g;Ground-Water Appraisal of Santa Ynez River Basin Santa Barbara County California, 1945-52;Wilson, H.D.;1959;United States Department of the Interior;
4752;COL.NB&631.587&G627r;Reclamation in the United States;Golzé, Alfred R.;1952;McGraw-Hill;
4753;COL.NB&631.587&I68;Sprinkler Irrigation in the Pacific Northwest;S/A;1956;U.S. Department of Agriculture;
4754;COL.NB&631.6&P753s;Assainissement Agricole et Drainage;Poirée, M.;1953;Eyrolles;
4755;COL.NB&631.62&B955i;Engineering for Agricultural Drainage;Burgess, Harry;1954;McGraw-Hill;
4756;COL.NB&631.62&D771;Drainage Sewerage;S/A;1963;The Institution of Municipal Engineers;
4757;COL.NB&635.7&D419s;Aquatic Weed Control Studies;Otto, N.E.;1966;United States Department of the Interior;
4758;COL.NB&642.2&K29t;The Prefabrication of Houses;Kelly, Burnham;1955;Chapman & Hall;
4759;COL.NB&643.2&L938;Viviendas Económicas:  Una Aportación Técnica al Problema;Lucini, F.;1951;Instituto Técnico de la Construcción y del Cemento;
4760;COL.NB&643.2&N127v;Viviendas Prefabricadas;Nadal, J.;1951;Instituto Técnico de la Construcción y del Cemento;
4761;COL.NB&651.75&V118c;Correspondencia Comercial Francesa;Vacheresse, Georges;1958;Daimon;
4762;COL.NB&657&P949s;Sistemas de Contabilidad;Prieto, Alejandro;1963;Banca y Comercio, S.A.;
4763;COL.NB&657.42&B973c;Contabilidad de Costos;Burton, N.T.;1956;Fondo de Cultura Económica;
4764;COL.NB&625.7&L268;Critical Path Analysis;Lang, Douglas W.;1971;Teach Yourself Books;
4782;COL.NB&658.723&M294;Pert and Companion Cost System;S/A;1962;The Director of Management Reports;
4783;COL.NB&658.155 3&M294;Manual para el Cálculo de Costes de Maquinaria y Utiles;S/A;1964;Dirección General de Carreteras de Caminos Vecinales;
4783;COL.NB&658.155 3&M294;Manual para el Cálculo de Costes de Maquinaria y Utiles;S/A;1964;Dirección General de Carreteras de Caminos Vecinales;
4783;COL.NB&658.155 3&M294;Manual para el Cálculo de Costes de Maquinaria y Utiles;S/A;1964;Dirección General de Carreteras de Caminos Vecinales;
4784;COL.NB&658.302&C977;Safety Training Course for Construction Supervisors;Hunt, Edwin C.;1957;The Associated general Contractors of America;
4786;COL.NB&658.403 2&L818a;Critical Path Analysis;Lockyer, K.G.;1967;Sir Isaac Pitman and Sons;
4787;COL.NB&658.562&P935i;An Introduction to Specifications;S/A;1973;Glengary Press;
4788;COL.NB&660.284 27&M113s;Heat Transmissión;McAdams, William H.;1954;McGraw-Hill;
4789;COL.NB&660.284 26&R278t;Théorie et Pratique Du Séchage Industrial;Razous, P.;1955;Dunod;
4790;COL.NB&662.1&M294;Blasters'  Handbook A Manual Describing Explosives and Practical Methods of Using Them;S/A;1952;E.I. Du Pont de Nemours & Company;
4791;COL.NB&662.2&E96;Explosivos Atlas;S/A;1964;Atlas Powder Company;
4792;COL.NB&666.893&A837m;Concrete Pavement Manual;S/A;1939;Portland Cement Association;
4793;COL.NB&662.2&M294;Manual Para el Uso de Explosivos;S/A;1959;Cia Mexicana de Explosivos, S.A.;
4794;COL.NB&663.93&N899p;Procedimiento Mecánico Para Secar la Pulpa de Café Lavado;S/A;1938;Mabille;
4794;COL.NB&663.93&N899p;Procedimiento Mecánico Para Secar la Pulpa de Café Lavado;S/A;1938;Mabille;
4796;COL.NB&669.2&C227s;Sistema de Mallas para Evitar el Dezlizamiento en los Taludes de Tierra;Cano y Gutiérrez, Jorge Alberto;1970;Universidad de El Salvador;
4797;COL.NB&668.4&B167p;The Steel Skeleton;Baker, J. F.;1956;Cambridge at the University Press;
4798;COL.NB&666.893&Y54p;Principles of Pavement Design;Yoder, E. J.;1959;John Wiley & Sons;
4799;COL.NB&671.52&G563;Welding and Cutting of Metals;S/A;1964;British Standards Institution;
4800;COL.NB&671.2&F98i;Acero Monterrey;S/A;1964;CIA Fundidora de Hierro y Acero de Monterrey;
4801;COL.NB&671.2&C736n;Neenah Construction Castings;S/A;1972;Neenah Foundry Company;
4802;COL.NB&671.52&G795d;Design for Welding;Green, Robert S.;1948;The James F. Lincoln ARC Welding Foundation;
4804;COL.NB&671.52&S684;L'Acciaio Nelle Costruzioni;S/A;1963;Cremonese;
4805;COL.NB&671.520 4&L737s;ARC Welding in Design, Manufacture and Construction;S/A;1945;The James F. Lincoln ARC Welding Foundation;
4806;COL.NB&671.832&D419c;Corrugated Metal Pipe Culverts;S/A;1966;U.S. Department of Commerce;
4807;COL.NB&681.76&C359;Caterpillar Performance Handbook;S/A;1973;Carterpillar Tractor Co.;
4808;COL.NB&686.4&L455;Basic Navy Training Courses;S/A;1951;Clief of Naval Air Technical Training;
4809;COL.NB&690&B257;L'Etancheite dans la Construction;Varlan, G. E.;1964;Eyrolles;
4812;COL.NB&690&C928;Critical Path Methods in Construction Practice;Antill, James M.;1965;John Wiley & Sons;
4813;COL.NB&690&D944c;L'Evaluation des Batiments Métré et Estimation;Dupuis, Jacques;1951;Eyrolles;
4815;COL.NB&690&E13;Earth works;S/A;1963;s.n;
4816;COL.NB&690&G246;Les Echafaudages L'Outillage de Chantier;Gasc, Yves;1950;Eyrolles;
4817;COL.NB&690&G433l;Lezioni di Scienza Delle Costruzioni;Giannelli, Aristide;1949;Edicioni Italiane;
4818;COL.NB&690&I43;Informes de la Construcción;S/A;1959;Instituto Técnico de la Construcción y del Cemento;
4819;COL.NB&690&G947s;Scienza Delle Costruzioni;Guidi, Camillo;1942;Vicenzo Bona;
4827;COL.NB&690&K29m;Construction Methods and Machinery;Kellogg, F.H.;1954;Prentice-Hall;
4828;COL.NB&690&L952c;Costruire Correttamente: Caratteristiche e Possibilita Delle Structture Cementizie Armate;Luigui Nervi, Pier;1955;Ulrico Hoepli;
4829;COL.NB&690&M194c;Complementi di Scienza Delle Costruzioni;Magini, O.;s.d;Vallerini;
4830;COL.NB&690&M284d;Design and Construction of Foundations;Manning, G.P.;1961;concrete Publicaations Limited;
4831;COL.NB&690&M294;CPM in Construction a Manual for General Contractors;S/A;1965;The Associated General Contractors of America;
4831;COL.NB&690&M294;CPM in Construction a Manual for General Contractors;S/A;1965;The Associated General Contractors of America;
4832;COL.NB&690&M294;Construction Manual;S/A;1974;U.S. Department of Transportation;
4833;COL.NB&690&M425c;Dissesti Statici Delle Strutture Edilizie;Mastrodicasa, Sisto;1958;Ulrico Hoepli;
4834;COL.NB&690&N819;Notes on ACI 318-71 Building Code Requirements With Design Applications;S/A;1972;Portland Cement Association;
4835;COL.NB&690&N843;"Normas para Proyectos de Construcción en la construcción en la ciudad de San Salvador; Normas para Dibujos de Proyectos de Construcción; Norme tecniche di Edilizia";S/A;s.d;s.n;
4836;COL.NB&690&S648h;How To Write a Building Specification;;1957;George Newnes Limited;
4837;COL.NB&690&S785;ASTM stamdards in building codes;American Society for Testing and Materials;1971;;9. ed.
4838;COL.NB&690&U58;Uniform Building Code;S/A;1976;International Conference of Building Officials;
4839;COL.NB&690.021 2&C565c;Corso di Scienza Delle Costruzioni;Ciappi, Anselmo;1941;Cremose Libraio Editore;
4839;COL.NB&690.021 2&C565c;Corso di Scienza Delle Costruzioni;Ciappi, Anselmo;1941;Cremose Libraio Editore;
4839;COL.NB&690.021 2&C565c;Corso di Scienza Delle Costruzioni;Ciappi, Anselmo;1941;Cremose Libraio Editore;
4839;COL.NB&690.021 2&C565c;Corso di Scienza Delle Costruzioni;Ciappi, Anselmo;1941;Cremose Libraio Editore;
4839;COL.NB&690.021 2&C565c;Corso di Scienza Delle Costruzioni;Ciappi, Anselmo;1941;Cremose Libraio Editore;
4840;COL.NB&690.028&C718e;I Prezzi Delle Costruzioni;Colorio, Gino;1949;S. Lattes & C.;
4841;COL.NB&690.1&A168j;Expansion Joints in Buildings;S/A;1974;National Academy of Sciences;
4842;COL.NB&690.1&F363e;Estructuras de Edificios;Fernández Casado, Carlos;1955;Dossat;
4843;COL.NB&690.1&W666e;Elementary Structural Analysis;Wilbur, John;1948;McGraw-Hill;
4844;COL.NB&690.15&C734d;Design of Cylindrical Concrete Shell Roofs;S/A;1952;American Society of Civil Engineers;
4845;COL.NB&690.21&B867s;Strength and Elasticity of Materials;Brooks, W. H.;1956;McDonald;
4846;COL.NB&690.21&H174a;Frame Analysis;Hall, A. S.;1962;John Wiley;
4848;COL.NB&690.22&I62;Site Investigations;S/A;1963;British Standard Code of Practice;
4849;COL.NB&690.8&D48e;Edificio Industrial;S/A;s.d;Banco Industrial Brasilero;
4850;COL.NB&691&I61;Interim Specifications and Methods Adopted by the AASHO Committee on Materials;S/A;1973;American Association of State Highway Officials;
4851;COL.NB&691.1&I59w;Architectural WoodWork @Quality Standards Illustrated;S/A;1963;Architectural WoodWork Institute;
4852;COL.NB&691.1&M294;Wood Handbook;S/A;1955;U.S. department of Agriculture;
4853;COL.NB&691.2&A696m;Materiali e Pavimentazioni Stradali;Ariano, Raffaele;1958;G. G. Forlich;
4853;COL.NB&691.2&A696m;Materiali e Pavimentazioni Stradali;Ariano, Raffaele;1958;G. G. Forlich;
4854;COL.NB&691.2&G942;A Technical Guide to the Rational use of Marble;S/A;1972;Published by the Italian Marble Industrie;
4855;COL.NB&691.3&E77;Specifications for Construction Bituminous Surgacing;S/A;1952;The American Association State Highway Officials;
4856;COL.NB&691.3&F622e;Specificaciones For Structural Concrete for Building ACI 301- 66;S/A;1967;American Concrete Institute;
4857;COL.NB&691.3&M113e;Specificacions in Detail;Macey, Frank W.;1955;The Technical Press;
4858;COL.NB&691.7&H195b;Building With Steel;Halperin, Don A.;1966;American technical Society;
4859;COL.NB&691.8&G982p;Les Charpentes Metalliques;Gustin, Ernest;1959;Eyrolles;
4860;COL.NB&691.8&K47c;Constructions Métalliques;Kienert, G.;1963;Eyrolles;
4861;COL.NB&691.96&A838;Asphalt Plant Manual;S/A;1963;The Asphalt Institute;
4862;COL.NB&691.96&A838;Asphalt in Hydraulic Structures;S/A;1961;The Asphalt Institute;
4864;COL.NB&691.99&M113m;A General Meethod of Design for Seal Coats and Surface Treatments;McLeod, Norman W.;1973;Etnyre & Co.;
4865;COL.NB&692.2&D543;Distribution Construction Drawings;S/A;1952;The Line Material Company;
4866;COL.NB&692.3&A837g;Guide Specifications for Highway Construction;S/A;1972;American Association of State Highway Officials;
4867;COL.NB&692.3&C756;Construction Specifications;S/A;1962;The Asphalt Institute;
4868;COL.NB&692.3&E77;Standard Specifications;S/A;s.d;s.n;
4869;COL.NB&693.5&C744;Concrete Construction;Blaque, L.S.;1967;Cement and Concrete Association;
4870;COL.NB&693.4&G133b;Guide to Concrete Blockwork;Gage, Michael;1970;The Architectural Press;
4871;COL.NB&693.3&C733;Comité Europein du Béton: Bulletin d' Información;S/A;1962;Cement and Concrete Associated;
4872;COL.NB&692.8&P226e;El Coste de las Obras;Pardal, M. Vidal;1946;Dossat,  S. A.;
4873;COL.NB&692.8&E49p;Programa nacional de carreteras: especificaciones, modelo;;1964;Dossat;
4873;COL.NB&692.8&E49p;Programa nacional de carreteras: especificaciones, modelo;;1964;Dossat;
4873;COL.NB&692.8&E49p;Programa nacional de carreteras: especificaciones, modelo;;1964;Dossat;
4875;COL.NB&692.5&V633a;Analisi del prezzi nelle costruzioni civili rivestimenti-refiniture INFISSI;Schemi e Norme;1958;Societa Editrice Vitali;
4876;COL.NB&692.5&R481c;Calcul á la Rupture et Plasticité des Constructions;Rjantisyn, A. R.;1959;Eyrolles;
4877;COL.NB&692.3&Y645;Specification the Standard Reference Book for Architects;Yorke, F.R.S.;1958;The Architectural Press;
4878;COL.NB&693.5&G783r;Reinforced Concrete Water Towers, Bunkers, Silos and Gantries;Gray, W.S.;1947;Concrete Publications Limited;
4879;COL.NB&693.5&G783r;Reinforced Concrete Reservoirs and Tanks;Gray, W. S.;1951;Concrete Publications Limited;
4880;COL.NB&693.54&C669;Building code requirements for reinforced concrete (ACI 318-71);American Concrete Institute, ACI;1971;ACI;
4881;COL.NB&693.54&R462e;Examples of the Design of Reinforced Concrete Buildings;Reynolds, Chas E.;1965;Ulrico Hoepli;
4882;COL.NB&693.54&S233p;Pronturario Del Cemento Armado;Santarella, Luigi;1953;Ulrico Hoepli;
4882;COL.NB&693.54&S233p;Pronturario Del Cemento Armado;Santarella, Luigi;1953;Ulrico Hoepli;
4884;COL.NB&693.772 2&A472;Aluminium Construction Manual;S/A;1959;The Aluminium Association;
4886;COL.NB&693.852&R425;Preliminary Report the Behavior of Reinforced Concrete Structures in the Caracas, Venezuela Earthquake;Y. W. Edward;1967;Portland Cement Association;
4887;COL.NB&693.852&Y11a;Aseismic Desing of Structures;Y. W. Edward;1959;s.n;
4888;COL.NB&694&G497m;La Moderna Tecnica Delle Costruzioni in Legno;Giordano, G.;1949;Ulrico Hoepli;
4889;COL.NB&693.852&S462d;Seismic Design for Buildings;S/A;1973;Departments of the Army;
4891;COL.NB&694&G497m;La Moderna Tecnica Delle Costruzioni in Legno;Giordano, Guglielmo;1947;Hoepli;
4892;COL.NB&720&M848l;Vitruvius;Morgan, Morris Hicks;1961;Dover Publications;
4893;COL.NB&709&F263a;Art Today an Introduction to the fine and Funtional Arts;Faulkner, Ray;1967;Holt, Rinehart and Winston;
4894;COL.NB&720&P963;Procedure Handbook of ARC Welding Design and Practice;S/A;950;The Lincoln Electric Company;
4896;COL.NB&720.4&M113f;Building Failures Case Studies in Construcci{on and Design;Mckaig, Thomas H.;1962;McGraw-Hill;
4897;COL.NB&720.472&V227c;Elastic Energy Theory;Van Den, J.A.;1952;John Wiley and Sons;
4898;COL.NB&697.932 2&G853t;Thermostats and Temperature Regulationg Instruments;Griffiths, R.;1951;Charles Griffin & Company;
4899;COL.NB&694.2&M425;Material and labor Analysis House framing Systems;S/A;1954;Housing and Home Finance Agency;
4900;COL.NB&696.2&E77;Especificaciones para redes de cañerías;;s.d;s.n;
4901;COL.NB&694.2&A727;Concrete Thin Shells;S/A;1971;Concrete Institute;
4902;COL.NB&721&D917f;Foundations of Structures;Dunham, Clarence W.;1962;McGraw-Hill;
4903;COL.NB&721&F953;Procedings of a Symposium on the Strength of Concrete Structures;S/A;1965;Cement and Concrete Association;
4904;COL.NB&721&H557m;Método simplificado para el cálculo de pórticos múltiples con cabezal acodado;Hernández Velásquez, Herman Roberto;1967;Universidad de El Salvador;
4905;COL.NB&721&H688p;Plastic Analysis of Structures;Hodge, Philip G.;1959;McGraw-Hill;
4906;COL.NB&721&L735;Sistemi elastici piani;Linari, Attilio;1957;Pellerano;
4907;COL.NB&721&M875a;Structural Frame Works;Morris, Clyde T.;1957;John Wiley & Sons;
4908;COL.NB&721&W785e;Specification for the design of cold-formed steel structural members;Winter, George;1972;American Iron;
4909;COL.NB&721.04&C669;Building code requirements for minimum design loads in building and other structures;American National Standards Institute;1972;;
4910;COL.NB&721.042&G216c;Contrato de Construcción del Edificio de Tintoreria y Tejeduría;García Prieto, Atilio;1976;INSINCA;
4911;COL.NB&721.044&M523c;Caratteri Degli Edifici;Melis, Armando;1949;S. Lattes & C.;
4912;COL.NB&721.044&M294;Structural Fire-Fighting Manual;S/A;1953;Office of the chief of Naval operations;
4914;COL.NB&721.042&R329c;Building code requirements for reinforced;Kerekes, Frank;1956;ASI;
4914;COL.NB&721.042&R329c;Building code requirements for reinforced;Kerekes, Frank;1956;ASI;
4914;COL.NB&721.042&R329c;Building code requirements for reinforced;Kerekes, Frank;1956;ASI;
4915;COL.NB&721.042&L952e;Telai Elastici;Luigi Brunoli, Carlo;1954;Ulrico Hoepli;
4916;COL.NB&721.044&R331e;Architectural Specifications;Reeve Sleeper, Harold;1952;John Wiley & Sons;
4917;COL.NB&721.044 1&A526m;Masonry Design Manual;Armrhin, James E.;1972;Mansory Industry Advancement;
4919;COL.NB&721.3&R329;CRSI Design Handbook;Reese, R. C.;1952;Concrete Reinforced Steel Institute;
4920;col.nb&721.3&B687;El Método de la Columna Análoga y su Aplicación a Estructuras Articuladas y Contínuas;Bolaños, Eduardo;1959;Universidad de El Salvador;
4921;COL.NB&721.046&M294;Bituminous Construction Handbook;S/A;1963;Barber Greene Company;
4922;COL.NB&721.046&G943;AASHO Interim Guide for Design of Pavement Structures;S/A;1972;American Association of State Highway Officials;
4923;COL.NB&721.044 8&A545m;Wood-Frame House Construction;S/A;1955;U.S. Department of Agriculture;
4924;COL.NB&721.044 71&K47c;Constructions Metalliques;Kienert, Georges;1966;Eyrolles;
4924;COL.NB&721.044 71&K47c;Constructions Metalliques;Kienert, Georges;1966;Eyrolles;
4925;COL.NB&721.044 7&S635b;Building, Check, List;Small, Ben John;1955;Reinhold Publishing Corporation;
4926;COL.NB&721.044 7&R541e;Coffrages Metalliques;Ricouard, M. J.;1954;Eyrolles;
4927;COL.NB&721.044 6&C669;Building Code Requirements for Engineered Brick Masonry;S/A;1970;Structural Clay Products Institute;
4929;COL.NB&721.044 54&A935f;FormWork to Concrete;Austin, C. K.;1961;Cleaver-hume Press;
4930;COL.NB&721.044 1&C744;Technical Manual Concrete and Masonry;S/A;1970;Headquarters, Department of the Army;
4931;COL.NB&721.6&P253;Cálculo de Entrepisos Reticulares;Parma Marré, Domenico;1955;Cuellar, Serrano, Gómez & CIA;
4932;COL.NB&721.5&P238s;Simplified Design of Roof Tresses for Architects and Builders;Parker, Harry;1953;John Wiley & Sons;
4933;COL.NB&721.5&J12h;Home Guide to Solar Heating and Cooling;Hand, Jackson;1982;Popular Science Skill Book;
4934;COL.NB&720.472&D857i;Soalr Energy Research;Daniels, Farrington;1956;Thames and Hudson;
4935;COL.NB&721.644 54&W758d;Reinforced Masonry Engineering Handbook;Amrhein, J. E.;1973;Masonry Institute of America;
4936;COL.NB&721.6&S561e;Entrepisos sin Vigas;Shtaerman, M. I.;1963;Inter Ciencia;
4937;COL.NB&721.8&K46a;Architects and Builders Handbook;Kidder, Frank E.;1951;John Wiley & Sons;
4938;COL.NB&722&D419g;Good and Bad School Plants;S/A;1954;U.S. Department of Healt, Education, and Welfare;
4939;COL.NB&722.9&C756;Builder 3 & 2;S/A;1960;Navy States Government Printing Office;
4940;COL.NB&725&O62e;Erecting Structural Steel;Oppenheimer, Samuel P.;1960;McGraw-Hill;
4941;COL.NB&741.2&E63;Catalog Products and Services;S/A;1967;Keuffel & Esser;
4942;COL.NB&745.4&E56d;Design Motifs of Ancient México;Enciso, Jorge;1953;Dover Publications;
4943;COL.NB&725.39&E77;Standard Specifications for Construction of Airports;S/A;1964;Federal Aviation Agency;
4944;COL.NB&725.39&U84;Use of Road and Airdrome Construction Equipment;S/A;1945;United States Government Printing;
4945;COL.NB&725.8&M294;Manual of Highway Construction Practices and Methods;S/A;1968;The American Association of State Highway Officials;
4946;COL.NB&728.1&A545l;Low-Cost Wood Homes for Rural America Construction Manual;Anderson, L. O.;1969;Department of Agriculture;
4947;COL.NB&728.1&D611w;Design, Siting, and Construction of Low-Cost Housing and Community Buildings to Better Withstand Earthquakes and Windstorms;Reps, William F.;1974;Institute for Applied Technology;
4948;COL.NB&725.23&G216f;Fabrica de Productos Alimenticios en Soyapango Edificio para Empaque, despacho y Oficinas;García Prieto, Atilio;1977;Ingenieros Consultores;
4949;COL.NB&725.23&M294;Field and Office Manual;S/A;1958;Engineering Newng-Record;
4950;COL.NB&912.014&L455;Map Reading;S/A;1965;Heardquarters, Department of the army;
4951;COL.NB&741.011 8&F141;Facilities Drafting Manual;S/A;1964;National Aeronautics and Space Administration;
4952;COL.NB&741.2&S559;Shore Protection, Planning and Design;S/A;1966;Department of the Army;
4953;COL.NB&930.008&S972g;Gesta Romanorum or Entertaining Moral Stories;Swan, Charles;1976;Dover Publication;
4954;COL.NB&796.6&G943;Guide for Bibycle Routes;S/A;1976;United States of America;
4955;COL.NB&841&B146p;Poesia Siciliana;Emanuele Bagilio, Antonio;1963;LA VIA;
4956;COL.NB&904.5&D419e;The Santa Rosa California, Earthquakes of Octuber 1, 1969;Steinbrugge, Karl V.;1970;U.S. Department of Commerce;
4957;COL.NB&671.52&M291;Maintenance ARC Welding;S/A;1943;The James F. Lincoln;
4958;COL.NB&904.5&H742b;Bibliography of Engineering Seismology;Hollis, Edward P.;1958;Earthquake Engineering Research Institute;
4960;COL.NB&912.014&S588;Soviet Topographic Map Symbols;S/A;1958;Department of the Army;
